filename,category
10001727.pdf,CHEF
10005171.pdf,DIGITAL-MEDIA
10030015.pdf,ENGINEERING
10041713.pdf,CONSTRUCTION
10062724.pdf,HEALTHCARE
10070224.pdf,PUBLIC-RELATIONS
10089434.pdf,INFORMATION-TECHNOLOGY
10138632.pdf,SALES
10182582.pdf,APPAREL
10186968.pdf,ADVOCATE
10235429.pdf,FITNESS
10332998.pdf,CONSULTANT
10399912.pdf,HR
10466583.pdf,DESIGNER
10504237.pdf,TEACHER
10554236.pdf,ACCOUNTANT
10953078.pdf,AGRICULTURE
11005406.pdf,DIGITAL-MEDIA
11183737.pdf,BPO
11188218.pdf,ADVOCATE
11441764.pdf,FINANCE
12802330.pdf,ACCOUNTANT
13964744.pdf,BPO
14176254.pdf,ADVOCATE
14267489.pdf,SALES
14364597.pdf,PUBLIC-RELATIONS
14408510.pdf,FINANCE
14491649.pdf,ACCOUNTANT
15041689.pdf,HR
15154822.pdf,DESIGNER
15354126.pdf,CHEF
15603319.pdf,AGRICULTURE
16237710.pdf,ACCOUNTANT
17481570.pdf,TEACHER
18635654.pdf,ACCOUNTANT
19108760.pdf,BUSINESS-DEVELOPMENT
20819838.pdf,SALES
21868149.pdf,AGRICULTURE
24695561.pdf,ADVOCATE
25142074.pdf,APPAREL
26130673.pdf,PUBLIC-RELATIONS
29142288.pdf,AGRICULTURE
32109048.pdf,AUTOMOBILE
34758680.pdf,BANKING
35121930.pdf,APPAREL
37292350.pdf,AGRICULTURE
38750659.pdf,TEACHER
39247950.pdf,BANKING
39776400.pdf,DESIGNER
45462344.pdf,PUBLIC-RELATIONS
46055835.pdf,ARTS
46260230.pdf,INFORMATION-TECHNOLOGY
48549972.pdf,CONSTRUCTION
51508889.pdf,AUTOMOBILE
51769822.pdf,HR
52684666.pdf,FITNESS
54201930.pdf,DESIGNER
54934269.pdf,HEALTHCARE
57262959.pdf,CHEF
59696315.pdf,BUSINESS-DEVELOPMENT
62071407.pdf,ENGINEERING
65325317.pdf,ARTS
66683238.pdf,TEACHER
68338341.pdf,CHEF
69097572.pdf,BPO
69532425.pdf,TEACHER
71576860.pdf,CONSTRUCTION
73075521.pdf,CONSULTANT
73497035.pdf,ARTS
74552449.pdf,BANKING
76916835.pdf,BUSINESS-DEVELOPMENT
78149576.pdf,DESIGNER
78273826.pdf,APPAREL
79541391.pdf,INFORMATION-TECHNOLOGY
81310245.pdf,BUSINESS-DEVELOPMENT
81508860.pdf,DIGITAL-MEDIA
82140102.pdf,AUTOMOBILE
85421438.pdf,DIGITAL-MEDIA
86828820.pdf,ENGINEERING
87118391.pdf,SALES
89512321.pdf,BPO
90032884.pdf,CONSTRUCTION
90280583.pdf,ENGINEERING
90685127.pdf,DIGITAL-MEDIA
91467795.pdf,BUSINESS-DEVELOPMENT
91515108.pdf,AUTOMOBILE
91564103.pdf,FINANCE
91697974.pdf,INFORMATION-TECHNOLOGY
91930382.pdf,HR
92069209.pdf,INFORMATION-TECHNOLOGY
92246939.pdf,CONSULTANT
92283635.pdf,AVIATION
92985983.pdf,CHEF
93002334.pdf,HR
93301686.pdf,DESIGNER
93576192.pdf,ARTS
93653247.pdf,FINANCE
94137171.pdf,AVIATION
94492380.pdf,DIGITAL-MEDIA
95085510.pdf,FITNESS
95429627.pdf,CONSULTANT
95625660.pdf,BPO
96029688.pdf,ENGINEERING
96260484.pdf,HEALTHCARE
96457008.pdf,AVIATION
96761538.pdf,TEACHER
97123005.pdf,FITNESS
97449528.pdf,AUTOMOBILE
98086373.pdf,PUBLIC-RELATIONS
98309114.pdf,HEALTHCARE
98379112.pdf,BUSINESS-DEVELOPMENT
98389424.pdf,AVIATION
98509238.pdf,SALES
98513424.pdf,FINANCE
98965485.pdf,BANKING
99124477.pdf,BANKING
99416532.pdf,AVIATION
99433371.pdf,DESIGNER
99561379.pdf,ARTS
99714410.pdf,CONSULTANT
